Date(UTC),Julian Date,MET,TS,Photon Flux [0.1-100 GeV](photons cm-2 s-1),Photon Flux Error(photons cm-2 s-1)
Aug 19 2008,2454698.5,240883201,632.49,7.22E-08,6.8E-09
Sep 18 2008,2454728.5,243475201,366.78,5.09E-08,6.5E-09
Nov 17 2008,2454788.5,248659201,507.72,6.97E-08,7.5E-09
Dec 17 2008,2454818.5,251251201,631.78,6.18E-08,6.2E-09
Jan 16 2009,2454848.499988430,253843201,269.32,4.16E-08,5.8E-09
Feb 15 2009,2454878.499988430,256435201,339.27,3.74E-08,5.2E-09
Mar 17 2009,2454908.499988430,259027201,160.2,3.01E-08,5.3E-09
Apr 16 2009,2454938.499988430,261619201,170.24,3.09E-08,5.1E-09
May 16 2009,2454968.499988430,264211201,295.92,3.87E-08,5.4E-09
Jun 15 2009,2454998.499988430,266803201,186.56,3.33E-08,5.6E-09
Jul 15 2009,2455028.499988430,269395201,339.42,3.97E-08,5.2E-09
Aug 14 2009,2455058.499988430,271987201,180.49,3.22E-08,5.5E-09
Sep 13 2009,2455088.499988430,274579201,166.77,3.95E-08,6.2E-09
Oct 13 2009,2455118.499988430,277171201,182.74,4.55E-08,7E-09
Nov 12 2009,2455148.499988430,279763201,183.1,3.63E-08,6E-09
Dec 12 2009,2455178.499988430,282355201,157.25,3.31E-08,6E-09
Jan 11 2010,2455208.499988430,284947201,205.24,4.16E-08,6.5E-09
Feb 10 2010,2455238.499988430,287539201,227.85,4.43E-08,6.6E-09
Mar 12 2010,2455268.499988430,290131201,293.12,5.39E-08,7.5E-09
Apr 11 2010,2455298.499988430,292723201,319.43,5.51E-08,7.4E-09
May 11 2010,2455328.499988430,295315201,296.91,5.98E-08,7.7E-09
Jun 10 2010,2455358.499988430,297907201,257.63,4.78E-08,6.9E-09
Jul 10 2010,2455388.499988430,300499201,520.35,7.94E-08,8.2E-09
Aug 09 2010,2455418.499988430,303091201,411.79,6.76E-08,7.6E-09
Sep 08 2010,2455448.499988430,305683201,322.41,4.88E-08,6.4E-09
Oct 08 2010,2455478.499988430,308275201,268.56,6.21E-08,8.2E-09
Nov 07 2010,2455508.499988430,310867201,275.14,5.04E-08,6.9E-09
Dec 07 2010,2455538.499988430,313459201,210.83,4.31E-08,6.7E-09
Jan 06 2011,2455568.499988430,316051201,220.94,3.11E-08,5.4E-09
Feb 05 2011,2455598.499988430,318643201,218.02,4.51E-08,6.9E-09
Mar 07 2011,2455628.499988430,321235201,235.78,4.42E-08,6.6E-09
Apr 06 2011,2455658.499988430,323827201,217.64,3.77E-08,6.3E-09
May 06 2011,2455688.499988430,326419201,162.23,3.07E-08,5.7E-09
Jun 05 2011,2455718.499988430,329011201,209.51,3.69E-08,6E-09
Jul 05 2011,2455748.499988430,331603201,236.84,4.29E-08,6.6E-09
Aug 04 2011,2455778.499988430,334195201,91.43,2.84E-08,5.7E-09
Sep 03 2011,2455808.499988430,336787201,121.51,3.3E-08,6.3E-09
Oct 03 2011,2455838.499988430,339379201,180.03,4.03E-08,6.4E-09
Nov 02 2011,2455868.499988430,341971201,297.93,5.62E-08,7.5E-09
Dec 02 2011,2455898.499988430,344563201,192.74,3.77E-08,6.1E-09
Jan 01 2012,2455928.499988430,347155201,282.99,4.36E-08,6.2E-09
Jan 31 2012,2455958.499988430,349747201,213.65,4.21E-08,6.1E-09
Mar 01 2012,2455988.499988430,352339201,226.85,3.9E-08,5.9E-09
Mar 31 2012,2456018.499988430,354931201,268.26,4.47E-08,6.5E-09
Apr 30 2012,2456048.499988430,357523201,338.75,5.08E-08,6.9E-09
May 30 2012,2456078.499988430,360115201,343.49,5.5E-08,7.3E-09
Jun 29 2012,2456108.499988430,362707201,265.87,4.18E-08,6.6E-09
Jul 29 2012,2456138.499976850,365299201,447.59,5.95E-08,7.4E-09
Aug 28 2012,2456168.499976850,367891201,359.31,6.16E-08,7.8E-09
Sep 27 2012,2456198.499976850,370483201,417.12,7.83E-08,9.5E-09
Oct 27 2012,2456228.499976850,373075201,240.93,4.92E-08,7.1E-09
Nov 26 2012,2456258.499976850,375667201,218.11,4.82E-08,7E-09
Dec 26 2012,2456288.499976850,378259201,363.4,5.32E-08,6.9E-09
Jan 25 2013,2456318.499976850,380851201,237.98,3.98E-08,5.8E-09
Feb 24 2013,2456348.499976850,383443201,261.55,4.92E-08,7.1E-09
Mar 26 2013,2456378.499976850,386035201,259.19,4.59E-08,6.7E-09
Apr 25 2013,2456408.499976850,388627201,223.89,4.29E-08,6.4E-09
May 25 2013,2456438.499976850,391219201,205.78,3.83E-08,6E-09
Jun 24 2013,2456468.499976850,393811201,223.62,3.52E-08,5.8E-09
Jul 24 2013,2456498.499976850,396403201,220.65,4.04E-08,6.4E-09
Aug 23 2013,2456528.499976850,398995201,206.37,4.02E-08,6.3E-09
Sep 22 2013,2456558.499976850,401587201,175.94,3.13E-08,5.5E-09
Oct 22 2013,2456588.499976850,404179201,197.16,3.51E-08,5.7E-09
Nov 21 2013,2456618.499976850,406771201,232.09,4.36E-08,6.6E-09
Dec 21 2013,2456648.499976850,409363201,331.33,4.27E-08,5.3E-09
Jan 20 2014,2456678.499976850,411955201,354.67,3.75E-08,4.3E-09
Feb 19 2014,2456708.499976850,414547201,524.15,5.03E-08,5.2E-09
Mar 21 2014,2456738.499976850,417139201,526.27,4.63E-08,4.7E-09
Apr 20 2014,2456768.499976850,419731201,454.77,5.16E-08,5.7E-09
May 20 2014,2456798.499976850,422323201,293.97,4.64E-08,7E-09
Jun 19 2014,2456828.499976850,424915201,154.22,4.56E-08,8.2E-09
Jul 19 2014,2456858.499976850,427507201,404.53,4.55E-08,5.3E-09
Aug 18 2014,2456888.499976850,430099201,521.83,4.32E-08,4.3E-09
Sep 17 2014,2456918.499976850,432691201,659.8,5.73E-08,5.3E-09
Oct 17 2014,2456948.499976850,435283201,828.93,5.37E-08,4.6E-09
Nov 16 2014,2456978.499976850,437875201,1010.47,6.85E-08,5.3E-09
Dec 16 2014,2457008.499976850,440467201,824.77,9.58E-08,8.3E-09
Jan 15 2015,2457038.499976850,443059201,465.26,7.39E-08,7.7E-09
Feb 14 2015,2457068.499976850,445651201,422.25,6.15E-08,7.1E-09
Mar 16 2015,2457098.499976850,448243201,842.07,7.86E-08,6.8E-09
Apr 15 2015,2457128.499976850,450835201,394.94,5.81E-08,7.1E-09
May 15 2015,2457158.499976850,453427201,323.42,5.18E-08,7E-09
Jun 14 2015,2457188.499976850,456019201,286,5.53E-08,7.1E-09
Jul 14 2015,2457218.499965280,458611201,256.66,4.92E-08,6.9E-09
Aug 13 2015,2457248.499965280,461203201,309.95,5.69E-08,7.6E-09
Sep 12 2015,2457278.499965280,463795201,254.68,4.58E-08,6.7E-09
Oct 12 2015,2457308.499965280,466387201,201.44,3.99E-08,6.3E-09
Nov 11 2015,2457338.499965280,468979201,301.92,5.5E-08,7.4E-09
Dec 11 2015,2457368.499965280,471571201,215.45,3.97E-08,6.1E-09
Jan 10 2016,2457398.499965280,474163201,201.89,3.6E-08,5.9E-09
Feb 09 2016,2457428.499965280,476755201,211.46,2.91E-08,4.9E-09
Mar 10 2016,2457458.499965280,479347201,178.13,3.5E-08,5.6E-09
Apr 09 2016,2457488.499965280,481939201,172.07,3.68E-08,6.1E-09
May 09 2016,2457518.499965280,484531201,297.08,6.38E-08,8E-09
Jun 08 2016,2457548.499965280,487123201,452.34,6.43E-08,7E-09
Jul 08 2016,2457578.499965280,489715201,357.89,5.61E-08,6.9E-09
Aug 07 2016,2457608.499965280,492307201,198.86,5.23E-08,8.3E-09
Sep 06 2016,2457638.499965280,494899201,395.29,5.64E-08,7.1E-09
Oct 06 2016,2457668.499965280,497491201,227.15,4.51E-08,6.5E-09
Nov 05 2016,2457698.499965280,500083201,512.64,5.79E-08,5.9E-09
Dec 05 2016,2457728.499965280,502675201,622.86,9.98E-08,9.8E-09
Jan 04 2017,2457758.4999537000,505267201,384.49,6.5E-08,8E-09
Feb 03 2017,2457788.4999537000,507859201,426.31,6.46E-08,7.6E-09
Mar 05 2017,2457818.4999537000,510451201,358.41,6.23E-08,7.7E-09
Apr 04 2017,2457848.4999537000,513043201,350.09,5.28E-08,6.6E-09
May 04 2017,2457878.4999537000,515635201,230.1,5.11E-08,7.3E-09
Jun 03 2017,2457908.4999537000,518227201,397.59,6.4E-08,7.8E-09
Jul 03 2017,2457938.4999537000,520819201,390.63,6.47E-08,7.7E-09
Aug 02 2017,2457968.4999537000,523411201,450.51,6.9E-08,7.9E-09
Sep 01 2017,2457998.4999537000,526003201,306.85,4.9E-08,6.6E-09
Oct 01 2017,2458028.4999537000,528595201,363.78,5.26E-08,7E-09
Oct 31 2017,2458058.4999537000,531187201,275.36,5.32E-08,7.2E-09
Nov 30 2017,2458088.4999537000,533779201,250.24,5.35E-08,7.6E-09
Dec 30 2017,2458118.4999537000,536371201,174.22,3.67E-08,6E-09
Jan 29 2018,2458148.4999537000,538963201,269.43,5.47E-08,8.2E-09
Feb 28 2018,2458178.4999537000,541555201,314.6,5.13E-08,6.7E-09
Mar 30 2018,2458208.4999537000,544147201,219.57,6.12E-08,9.6E-09
Apr 29 2018,2458238.4999537000,546739201,304.43,5.15E-08,6.7E-09
May 29 2018,2458268.4999537000,549331201,123.43,5.16E-08,9.1E-09
Jun 28 2018,2458298.4999537000,551923201,272.83,4.87E-08,7.3E-09
Jul 28 2018,2458328.4999537000,554515201,403.66,4.88E-08,5.8E-09
Aug 27 2018,2458358.4999537000,557107201,303.6,4.91E-08,6.5E-09
Sep 26 2018,2458388.4999537000,559699201,278.77,5.37E-08,7.4E-09
Oct 26 2018,2458418.4999537000,562291201,181.49,5.91E-08,1.05E-08
Nov 25 2018,2458448.4999537000,564883201,447.11,5.93E-08,6.9E-09
Dec 25 2018,2458478.4999537000,567475201,552.23,7.32E-08,7.1E-09
Jan 24 2019,2458508.4999537000,570067201,773.31,8.98E-08,7.8E-09
Feb 23 2019,2458538.4999537000,572659201,685.83,8.2E-08,7.6E-09
Mar 25 2019,2458568.4999537000,575251201,841.11,1.04E-07,9.1E-09
Apr 24 2019,2458598.4999537000,577843201,547.68,9.38E-08,9.6E-09
May 24 2019,2458628.4999537000,580435201,306.31,6.58E-08,8.6E-09
Jun 23 2019,2458658.4999537000,583027201,229.61,5.25E-08,7.7E-09
Jul 23 2019,2458688.4999537000,585619201,546.76,6.76E-08,7.1E-09
Aug 22 2019,2458718.4999537000,588211201,487.37,7.07E-08,7.6E-09
Sep 21 2019,2458748.4999537000,590803201,280.58,4.93E-08,6.6E-09
Oct 21 2019,2458778.4999537000,593395201,257.48,3.85E-08,6.2E-09
Nov 20 2019,2458808.4999537000,595987201,293.8,5.92E-08,7.6E-09
Dec 20 2019,2458838.4999537000,598579201,378.96,5.81E-08,6.8E-09
Jan 19 2020,2458868.4999537000,601171201,369.15,5.07E-08,6.5E-09
Feb 18 2020,2458898.4999537000,603763201,514.7,6.33E-08,6.6E-09
Mar 19 2020,2458928.4999537000,606355201,344.32,6.31E-08,7.7E-09
Apr 18 2020,2458958.4999537000,608947201,196.73,3.77E-08,6.4E-09
May 18 2020,2458988.4999537000,611539201,384.42,7.44E-08,8.7E-09
Jun 17 2020,2459018.4999537000,614131201,344.51,8.08E-08,9.9E-09
Jul 17 2020,2459048.4999537000,616723201,651.31,7.87E-08,7.4E-09
Aug 16 2020,2459078.4999537000,619315201,382.18,6.22E-08,7.5E-09
Sep 15 2020,2459108.4999537000,621907201,352.74,5.78E-08,6.9E-09
Oct 15 2020,2459138.4999537000,624499201,489.06,7.36E-08,7.9E-09
Nov 14 2020,2459168.4999537000,627091201,728.46,1.19E-07,1E-08
Dec 14 2020,2459198.4999537000,629683201,506.25,7.84E-08,8.2E-09
Jan 13 2021,2459228.4999537000,632275201,505.65,7.57E-08,7.5E-09
Feb 12 2021,2459258.4999537000,634867201,901.17,1.16E-07,9E-09
Mar 14 2021,2459288.4999537000,637459201,497.16,7.1E-08,7.7E-09
Apr 13 2021,2459318.4999537000,640051201,562.8,1.06E-07,1.03E-08
May 13 2021,2459348.4999537000,642643201,568.68,1E-07,9.9E-09
Jun 12 2021,2459378.4999537000,645235201,399.94,7.6E-08,9.3E-09
Jul 12 2021,2459408.4999537000,647827201,476.8,7.14E-08,7.6E-09
Aug 11 2021,2459438.4999537000,650419201,473.51,7.27E-08,7.7E-09
Sep 10 2021,2459468.4999537000,653011201,548.34,7.86E-08,8E-09
Oct 10 2021,2459498.4999537000,655603201,538.69,7.7E-08,7.8E-09
Nov 09 2021,2459528.4999537000,658195201,438.56,8.89E-08,9.6E-09
Dec 09 2021,2459558.4999537000,660787201,466.03,7.64E-08,8.2E-09
Jan 08 2022,2459588.4999537000,663379201,531.45,6.51E-08,6.6E-09
Feb 07 2022,2459618.4999537000,665971201,209.4,3.75E-08,5.9E-09
Mar 09 2022,2459648.4999537000,668563201,269.83,4.82E-08,6.4E-09
Apr 08 2022,2459678.4999537000,671155201,204.27,4.43E-08,6.8E-09
May 08 2022,2459708.4999537000,673747201,244.33,5.64E-08,8.1E-09
Jun 07 2022,2459738.4999537000,676339201,260,5.04E-08,7.3E-09
Jul 07 2022,2459768.4999537000,678931201,228.24,4.28E-08,6.6E-09
Aug 06 2022,2459798.4999537000,681523201,373.71,5.88E-08,6.6E-09
Sep 05 2022,2459828.4999537000,684115201,308.76,5.91E-08,7.3E-09
Oct 05 2022,2459858.4999537000,686707201,282.35,4.89E-08,6.6E-09
Nov 04 2022,2459888.4999537000,689299201,316.09,5.75E-08,7.2E-09
Dec 04 2022,2459918.4999537000,691891201,284.79,5.32E-08,7E-09
Jan 03 2023,2459948.4999537000,694483201,521.39,6.31E-08,6.4E-09
Feb 02 2023,2459978.4999537000,697075201,654.12,1.04E-07,9.6E-09
Mar 04 2023,2460008.4999537000,699667201,749.71,9.35E-08,7.9E-09
Apr 03 2023,2460038.4999537000,702259201,617.42,9.43E-08,9E-09
May 03 2023,2460068.4999537000,704851201,603.9,1.07E-07,1.06E-08
Jun 02 2023,2460098.4999537000,707443201,443.94,7.87E-08,8.4E-09
Jul 02 2023,2460128.4999537000,710035201,335.83,6.51E-08,8.5E-09
Aug 01 2023,2460158.4999537000,712627201,556.4,6.86E-08,6.9E-09
Aug 31 2023,2460188.4999537000,715219201,301.94,5.49E-08,7.3E-09
Sep 30 2023,2460218.4999537000,717811201,286.34,4.65E-08,6.3E-09
Oct 30 2023,2460248.4999537000,720403201,228.15,3.72E-08,5.9E-09
Nov 29 2023,2460278.4999537000,722995201,246.96,3.92E-08,6.1E-09
Dec 29 2023,2460308.4999537000,725587201,220.71,4.06E-08,5.9E-09
Jan 28 2024,2460338.4999537000,728179201,293.05,4.85E-08,6.1E-09
Feb 27 2024,2460368.4999537000,730771201,531.73,6.87E-08,7.4E-09
Mar 28 2024,2460398.4999537000,733363201,319.64,5.55E-08,6.9E-09
Apr 27 2024,2460428.4999537000,735955201,148.24,4.6E-08,7.5E-09
May 27 2024,2460458.4999537000,738547201,508.72,7.87E-08,8.5E-09
Jun 26 2024,2460488.4999537000,741139201,365.91,6.26E-08,7.8E-09
Jul 26 2024,2460518.4999537000,743731201,391.36,5.88E-08,6.8E-09
Aug 25 2024,2460548.4999537000,746323201,423.47,7.67E-08,8.4E-09
Sep 24 2024,2460578.4999537000,748915201,655.88,9.14E-08,8.6E-09
Oct 24 2024,2460608.4999537000,751507201,692.75,8.87E-08,8.3E-09
Nov 23 2024,2460638.4999537000,754099201,403.39,7.66E-08,8.4E-09
Dec 23 2024,2460668.4999537000,756691201,542.44,9.34E-08,9.2E-09
Jan 22 2025,2460698.4999537000,759283201,602.2,6.99E-08,6.7E-09
Feb 21 2025,2460728.4999537000,761875201,385.85,5.88E-08,6.8E-09
Mar 23 2025,2460758.4999537000,764467201,298.84,5.72E-08,7.2E-09
Apr 22 2025,2460788.4999537000,767059201,418.01,7.4E-08,8.6E-09
May 22 2025,2460818.4999537000,769651201,404.06,7.99E-08,8.9E-09
Jun 21 2025,2460848.4999537000,772243201,505.39,7.54E-08,8.1E-09
Jul 21 2025,2460878.4999537000,774835201,667.74,7.98E-08,7.8E-09
Aug 20 2025,2460908.4999537000,777427201,510.88,7.65E-08,7.9E-09
Sep 19 2025,2460938.4999537000,780019201,726,9.86E-08,9E-09
Oct 19 2025,2460968.4999537000,782611201,377.32,6.06E-08,7.2E-09
Nov 18 2025,2460998.4999537000,785203201,350.22,6.98E-08,8.5E-09
Dec 18 2025,2461028.4999537000,787795201,305.12,4.94E-08,6.7E-09
Jan 17 2026,2461058.4999537000,790387201,327.99,4.76E-08,5.7E-09
Feb 16 2026,2461088.4999537000,792979201,314.18,4.43E-08,6E-09
Mar 18 2026,2461118.4999537000,795571201,273.94,4.16E-08,5.9E-09